missing_stop_name,final_correct_name
10TH ROAD,"10TH ROAD, CHEMBUR CHURCH"
16TH ROAD,"16TH ROAD, KHAR"
4TH ROAD (GOLIBAR),SANTACRUZ STATION (W) ROAD
A.H.ANSARI CHOWK,A.H.ANSARI CHOWK (NAGPADA)
A.P.M.COMPLEX,A.P.M.C. FRUIT AND VEGETABLE MARKET
A.T.I.,A.T.I. (CHUNABHATTI)
AAI TULJABHAVANI CHOWK /LOKHANDWALA COMPLEX,AAI TULJABHAVANI CHOWK
AAI TULJABHAVANI CHOWK/LOKHANDWALA COMPLEX,AAI TULJABHAVANI CHOWK
AAI TULJABHAVANI CHOWK/LOKHANDWALA OMPLEX,AAI TULJABHAVANI CHOWK
AAKASH GANGA SOCIETY (DHARAVI),JAIN SOCIETY (SION)
ACHARYA ATRE CHOWK,ACHARYA ATRE CHOWK (WORLI NAKA)
ACHARYA UDYAN,ACHARYA MARATHE COLLEGE
ACHARYA UDYAN (CHEMBUR),CHEMBUR COLONY
ADARSH DAIRY,ADARSH DAIRY (MALAD-W)
ADARSH NAGAR (MALAD),ADARSH NAGAR (KURAR VILLAGE)
ADARSH NAGAR (OSHIWARA),ADARSH NAGAR
ADARSH VIDYALAYA,ADARSH VIDYALAYA (KANJURMARG-E)
ADARSHA MARKET (NERUL),SAIDHAM SOCIETY (NERUL)
ADISHAKTI NAGAR(YOGI HILL),ADISHAKTI NAGAR (PIPE LINE)
ADITYA APARTMENTS,"ADITYA APARTMENT, CHIKOOWADI"
AGARKAR CHAWK,CHAKALA
AGARKAR CHOWK SHIVAJI CHOWK,DHAIRYAVAN CHOWK
AGARWADI,AGARWADI (MANKHURD)
AGORE NAGAR NO 5,TAGORE NAGAR NO.5 (VIKHROLI-E)
AGRA ROAD NAKA,"VEENA NAGAR, GOVARDHAN NAGAR"
AIROLI STATION (E),AIROLI BUS STATION
AKSHAYA (BANDRA),AKSHAY
ALA NAGAR,KALA NAGAR (BANDRA-E)
ALANKAR TALKIES,ALANKAR CINEMA
ALEXANDRA CINEMA,"MAHARASHTRA COLLEGE, ALEXANDRA CINEMA"
AMAR MEHAL,NAIK NAGAR (DHARAVI)
AMBA WADI,AMBAWADI
AMBE WADI,DAHANUKAR WADI
AMBE WADI (GOLIBAR),KHERWADI (BANDRA-E)
AMBIKA MILLS / KING GEORGE INFERNARY,"AMBIKA MILL BUS STATION, H.U.RAKHANGI CHOWK"
AMIRA APARTMENTS (MALVANI),AMIRA APARTMENTS
AMRAPALI SOCIETY (MALVANI),AMRAPALI SOCIETY
AMRUT NAGAR,SAIBABA MANDIR (AMRUT NAGAR)
AMRUTA VIDYALAYA (JUINAGAR),JUI NAGAR RAILWAY STATION
ANAND HOSPITAL,ANAND HOSPITAL (DAHISAR)
ANDHERI SPORTS COMPLEX,SHAHAJIRAJE SPORTS COMPLEX (ANDHERI-W)
ANIK DEPOT EVERARD SOCIETY,ANIK DEPOT
ANIRUDDHA BHAVAN (JUINAGAR),ANIRUDDHA BHAVAN
ANJANABAI MAGAR,"ANJANABAI MAGAR CHOWK, SWATANTRA SAINIK SURVE CHOWK"
ANNABHAU SATHE NAGAR,ANNABHAU SATHE NAGAR (MANKHURD)
ANTOP HILL SECTOR 7,ANTOP HILL
APNA BAZAR (PAREL),HINDMATA CINEMA (PAREL)
APTE HOSPITAL,CHOKSI HOSPITAL
ARDINAL GRACIOUS SCHOOL / TEACHERS COLONY,"CARDINAL GRACIAS SCHOOL, TEACHER S COLONY"
ARUNODAYA NAGAR,NAVGHAR ROAD (MULUND-E)
ASHA & USHA ESTATES,ASHA USHA COMPANY
ASHIRVAD HOSPITAL,ASHIRWAD HOSPITAL
ASHIRVAD SOCIETY,ASHIRWAD SOCIETY
ASHISH NAGAR,ASSISI NAGAR (CHEMBUR-W)
ASHOK NAGAR,ASHOK NAGAR (MAROL MAROSHI)
ASHTAGANDHA SOCIETY (NERUL),SAIDHAM SOCIETY (NERUL)
ATRIA SOCIETY (BRAHMAND),ATRIA SOCIETY
AZAD NAGAR (PARLE),"VILE PARLE (W), ASHOKA HALL"
B.A.R.C.SCHOOL NO.6,B.A.R.C GATE NO.6
B.D.PATIL MARG / HPCL (CHEMBUR),VASHI NAKA (CHEMBUR)
B.H.E.L.COMPANY,"E.S.I.S HOSPITAL, MIDC POLICE STATION"
B.P.T.COLONY (MAZAGAON),B.P.T COLONY (DOCKYARD RD)
B.P.T.HOSPITAL (WADALA -E),B.P.T. COLONY (WADALA)
B.S.E.S. (S'CRUZ),JIJAMATA MUNICIPAL SCHOOL(BYCULLA-E)
BABASAHEB WORLIKAR CHOWK,BABASAHEB WORLIKAR CHOWK (CENTURY BAZAAR)
BADHWAR PARK / MACHHIMAR NAGAR,BADHWAR PARK
BADHWAR PARK/MACHHIMAR NAGAR,BADHWAR PARK
BAHALE PADA,"SHIVSHAHI PRAKALP, MANTRI PARK"
BAL BHARATI / HITAVARDHAK HALL,BALBHARATI (KANDIVALI-W)
BANDRA STATION ROAD (W),BANDRA STATION (E)
BANDRA WORLI SEA LINK TOLL PLAZA,WORLI DEPOT
BANK OF INDIA ANDHERI,SHAHAJIRAJE SPORTS COMPLEX (ANDHERI-W)
BANK OF MAHARASTHRA / ODEON CINEMA,ODEON CINEMA
BANK OF MAHARASTHRA CHARKOP,PRABODHANKAR THACKERAY NAGAR MARKET (CHARKOP)
BARC GATE NO.6,B.A.R.C GATE NO.6
BARVE MARG JUNCTION,DHARAVI PUMPING STATION
BARVE NAGAR / MUNICIPAL SCHOOL NO 3,BARVE NAGAR
BEST NAGAR,"BEST NAGAR, OSHIWARA STAFF QUARTERS"
BEST RECEIVING CENTRE (PRATIKSHA NAGAR),PRATIKSHA NAGAR DEPOT
BHAD. COLONY/SAMBHAJI NAGAR,TRIVENI NAGAR
BHAKTI BHAVAN,BHAKTI BHAVAN (CHEMBUR)
BHANDUP SONAPUR,DR.K.B.HEDGEWAR CHOWK BHANDUP SONAPUR
BHANDUP STATION MARG,BHANDUP STATION (W)
BHARAT NAGAR JUHU,BHARAT NAGAR (VESAVE)
BHARAT PETROLEUM CHEMBUR,BHARAT PETROLEUM (MAHUL)
BHAYANDAR PADA,BHAYANDER PADA
BHOI WADA,BEST COLONY (BHOIWADA)
BHOR INDUSTRIES / KANDIVLI BUS STATION,SAMATA NAGAR BUS STATION (KANDIVALI-E)
BLDG.NO 46 (BANDRA),"GANDHI NAGAR  (BANDRA-E), CHETANA COLLEGE"
BLIND PRESS,BANDRA RECLAMATION BUS STATION
BORIVALI MARKET,"BORIVALI MARKET (E), CARTER ROAD"
BORIVLI BUS STATION,BORIVALI JAIL (W)
BORIVLI STN (W),SUVARNA HOSPITAL (BORIVALI -W)
BRAMHAND / AZAD NAGAR JUNCTION,BRAHMAND AZAD NAGAR
BUDDHA NAGAR,BUDDHA NAGAR (KURLA-W)
BYCULLA POLICE STATION,BYCULLA STATION (E)
BYCULLA TELEPHONE EXCHANGE,BYCULLA STATION (E)
C.B.I.QRTS.,C.B.I.QUARTERS (GHATKOPAR-E)
C.C.I.COLONY,C.C.I.COLONY (GOREGAON-W)
CALICO MILLS,CALICO CHEMICALS
CANOSSA SCHOOL,CANOSSA SCHOOL (ANDHERI-E)
CARDINAL G SCHOOL,"CARDINAL GRACIAS SCHOOL, TEACHER S COLONY"
CARDINAL G. SCHOOL,"CARDINAL GRACIAS SCHOOL, TEACHER S COLONY"
CARDINAL GRACIOUS SCHOOL,"CARDINAL GRACIAS SCHOOL, TEACHER S COLONY"
CARDINAL GRACIOUS SCHOOL / TEACHERS COLONY,"CARDINAL GRACIAS SCHOOL, TEACHER S COLONY"
CARDINAL GRACIOUS SCHOOL/TEACHERS COLONY,"CARDINAL GRACIAS SCHOOL, TEACHER S COLONY"
CENTAUR HOTEL/AIRPORT,DOMESTIC AIRPORT JUNCTION
CENTRAL DAIRY,CENTRAL DAIRY (AAREY COLONY)
CENTRAL TALKIES,CENTRAL CINEMA
CHANDIVALI STUDIO / NAHAR ENTERPRISE,CHANDIVALI VILLAGE
CHANDIVLI VILLAGE /ASAPHA,CHANDIVALI VILLAGE
CHECK NAKA NO 1,GOREGAON CHECK NAKA NO.1
CHECK NAKA NO.1 (AAREY),GOREGAON CHECK NAKA NO.1
CHEDDA NAGAR,CHHEDA NAGAR
CHEETA CAMP (TROMBAY),CHEETA CAMP
CHIKOO WADI / PADMA NAGAR,"MAHAVIR NAGAR EXTENSION (KANDIVLI-W), PARIJAT SOCIETY"
CHINA BRIDGE,CHENA BRIDGE
CHINCHOLI BUNDER ROAD,CHINCHVALI BUNDER ROAD
CHINCHOLI PHATAK / SARVODAYA SCHOOL,"CHINCHVALI PHATAK, SARVODAYA BALIKA VIDYALAYA"
CHINCHOLI TALAO (NERUL),CHINCHOLI TALAO (NAVI MUMBAI)
CHIRAG,CHIRAG NAGAR
CHITRAGAN SOCIETY,RIDDHI SIDDHI SOCIETY (MULUND -E)
CHOTHA KASHMIR / OBSERVATORY POINT,"AAREY POLICE STATION, CHHOTA KASHMIR"
CHOWPATI BAND STAND,CHOWPATTY BAND STAND
CITIZEN BANK BORIVALI,CITIZEN BANK
COLABA,NAVY NAGAR (COLABA)
COLABA POST OFFICE,"COLABA BUS STATION, POST OFFICE"
COM.GULABRAO GANACHARYA CHOWK,COMRADE GULABRAO GANACHARYA CHOWK
COM.P.K.KURNE CHOWK,COMRADE P.K.KURNE CHOWK (WORLI )
CRISIL HOUSE (POWAI),CRISIL HOUSE
CROMPTON GREAVES BHANDUP,CROMPTON GREAVES
D BUS STATION PUSHPA NARSEE GARDENS. JUHU HOTEL,JUHU HOTEL
D.A.V.COLLEGE BHANDUP,D.A.V.COLLEGE
D.A.V.SCHOOL (MULUND),MAHARSHI ARVIND CHOWK (MULUND-W)
DADAR KABUTAR KHANA,KABUTARKHANA (DADAR-W)
DADAR POST OFFICE,KHODADAD CIRCLE (DADAR TT)
DANDA PADA,DANDPADA
DARU KHANA,DARUKHANA
DATTA MANDIR (DAHANUKAR WADI),DAHANUKAR WADI
DATTA PADA,"CHINCHWADI, GARTEN PADA NO.1"
DATTA WADI (KALWA),DATTA WADI
DAULAT NAGAR BORIVALI,DAULAT NAGAR (DAHISAR)
DENA BANK/NAMAN CENTER BKC,CANARA BANK
DEVI PADA (BORIVALI),DEVIPADA
DHARAVI PILA BUNGALOW,"DHARAVI T JUNCTION, TAPASE CHOWK"
DHARAVI VILLAGE,DHARIVALI VILLAGE
DHIRAJ SOCIETY,DHIRAJ VALLEY SOCIETY
DIAMOND MARKET BKC,DIAMOND BOURSE (BKC)
DIGHE NAGAR (AAREY COLONY),"MULUND (E) TOLL NAKA, MHADA COLONY"
DINDOSHI PADA (MALAD),"SHIVSHAHI PRAKALP, MANTRI PARK"
DIVA GAON,"DIVA VILLAGE, SECTOR 8"
DNYAN SADHANA COLLEGE (THANE),HARI NIWAS (THANE)
DOCKYARD COLONY / KANJURMARG STATION,DOCKYARD COLONY (KANJURMARG-W)
DON BOSCO (MATUNGA),MATUNGA POLICE STATION (KINGS CIRCLE STATION)
DON BOSCO SCHOOL (NERUL),DON BOSCO VIDYALAYA (NERUL)
DR. AMBEDKAR UDHYAN,"DR.AMBEDKAR UDYAN, CHEMBUR STATION"
DR.AMBEDKAR GARDEN (CHEMBUR),"MUNICIPAL WARD OFFICE, DR.AMBEDKAR GARDEN (CHEMBUR)"
DR.AMBEDKAR ROAD (BANDRA),"DR.AMBEDKAR ROAD, KHAR"
DR.AMBEDKAR STATUE (CHURCHGATE),DR.AMBEDKAR STATUE (FORT)
DR.BABASAHEB AMBEDKAR CHOWK (KALINA),KALINA
DR.S.P.MUKHERJI CHOWK \ MUSEUM,DR. SHYAMAPRASAD MUKHERJEE CHOWK(MUSEUM)
DR.S.P.MUKHERJI GARDEN (BORIVALI),BORIVALI (E) STATION
DUNCAN COMPANY (MULUND),DUNCAN COMPANY
DURGA MAHESHWARI MANDIR (MALAD),DURGA PARMESHWARI MANDIR
DURGA NAGAR (MIDC),DURGA NAGAR (JOGESHWARI-E)
EDEN WOODS (THANE),PAWAR NAGAR BUS STATION (THANE)
EKSAR KOLIWADA (BORIVALI),EKSAR VILLAGE
EKTA NAGAR (BHANDUP),EKTA NAGAR POLICE CHOWKY- BHANDUP-W
EKTA NAGAR (MALAD),"KANDIVALI INDUSTRIAL ESTATE, GANESH NAGAR"
EKTA SOCIETY (MAROL),EKTA SOCIETY
ELPHINSTONE ROAD STATION (W),PRABHADEVI STATION (W)
EVEREST SOCIETY (BORIVALI),EVEREST SOCIETY (KURLA-E)
FAITH ASHRAM (ANDHERI),SUNDERVAN (ANDHERI-W)
FILMALAYA (ANDHERI),RAMESH NAGAR (ANDHERI-W)
FILTER PADA (POWAI),BAMAN PADA
FIRE BRIGADE (GOREGAON),SHREE SAIBABA COMPLEX (GOREGAON-E)
FISH MARKET (BORIVALI),FISH MARKET
FISH MARKET (KHAR),"KHAR POLICE STATION, SACRED HEART SCHOOL"
FISHER ROSE MOUNT (POWAI),URAN PHATA
FREE PRESS JOURNAL HOUSE,FREE PRESS JOURNAL MARG
G.S.COLONY (KANDIVALI),BANDRA COLONY
GABRIEL COMPANY (BORIVALI),AGARWAL MUNICIPAL HOSPITAL
GAI MUKH (BHANDUP),GAIMUKH (GHODBUNDER RD)
GAI WADI (GIRGAON),GAIWADI
GALILEO BUILDING (CHANDIVALI),MHADA COLONY (CHANDIVALI)
GANDHI MARKET (MATUNGA),MATUNGA POLICE STATION (KINGS CIRCLE STATION)
GANDHI NAGAR (BANDRA),"GANDHI NAGAR  (BANDRA-E), CHETANA COLLEGE"
GANDHI NAGAR (POWAI),"HIRANANDANI, POWAI BUS STATION"
GANDHI NAGAR (VIKHROLI),EKTA NAGAR POLICE CHOWKY- BHANDUP-W
GANDHI NAGAR (WORLI),JIJAMATA NAGAR (WORLI)
GANDHI NAGAR. DOCKYARD COLONY. BHANDUP STATION ROAD,BHANDUP POLICE STATION
GANESH CHOWK (KANDIVALI),GANESH CHOWK
GANESH CHOWK (NERUL),GAVDEVI CHOWK (SARSOLE)
GANESH MANDIR (CHARKOP),PRABODHANKAR THACKERAY NAGAR MARKET (CHARKOP)
GANESH SOCIETY (BORIVALI),GANESH CHOWK
GANESHMURTY NAGAR (MIDC),GANESHMURTI NAGAR POLICE CHOWKY
GANGA BHUWAN (MULUND),GANGA BHAVAN
GANPAT PATIL NAGAR (DAHISAR),GANPAT PATIL NAGAR
GARODIA NAGAR (GHATKOPAR),KAMRAJ NAGAR (GHATKOPAR-E)
GARODIA PALACE (GHATKOPAR),GARODIA PALACE
GARTEN PADA (DAHISAR),GARTAN PADA
GARWARE INSTITUTE (VIDYA NAGARI),VIDYA NAGARI (KALINA)
GAURAV GARDEN (MIRA ROAD),RENUKA NAGAR
GAUTAM NAGAR (ANDHERI),GAUTAM NAGAR (MIDC-MAROL)
GAVDEVI NAKA (ANDHERI),"GAONDEVI NAKA (BHANDUP-W), MADHUKUN BUILDING"
GAVDEVI POLICE STATION (CHOWPATTY),GAONDEVI POLICE STATION
GAWADE NAGAR (MALAD),MINI NAGAR
GAWAN PADA (MULUND),MUNICIPAL HOSPITAL (MULUND-E)
GAZDAR BANDH (SANTACRUZ),"SANTACRUZ STATION (W) ROAD, KASHIBAI HOSPITAL"
GAZDAR SCHOOL (SANTACRUZ),"SANTACRUZ STATION (W) ROAD, KASHIBAI HOSPITAL"
GEETANJALI (BORIVALI),PATHANWADI
GEN.A.K.VAIDYA MARG JUNCTION,GENERAL ARUN KUMAR VAIDYA MARG JUNCTION (GOREGAON-E)
GHANSHYAM NAGAR (KANDIVALI),JAIN MANDIR (KANDIVALI-W)
GHANSOLI NAKA,"TALAVALI NAKA, NOCIL COMPANY"
GHATKOPAR BUS STATION /GHATKOPAR DEPOT.,GHATKOPAR BUS STATION
GHATKOPAR DEPOT / CASEURINA,GHATKOPAR DEPOT
GHATKOPAR DEPOT. NITYANAND NAGAR,GHATKOPAR DEPOT
GHATKOPAR STATION (W). CHIRAG NAGAR. KAMANI,CHIRAG NAGAR
GHODDEO NAKA (BHAYANDER),GODDEV NAKA
GODREJ CHOWK (VIKHROLI),GODREJ CHOWK (KEMPS CORNER)
GOKHALE VIDYALAYA (ANDHERI),GOKHALE HIGH SCHOOL (BORIVALI -W)
GOKUL ANAND (DAHISAR),"GANESH NAGAR (DAHISAR), GOKUL ANAND HOTEL"
GOKUL NAGAR (THANE),SIDDHIVINAYAK TOWER (THANE)
GOLDEN CHEMICALS,GOLDEN CHEMICALS (DAHISAR-E)
GOLDEN NEST (MIRA ROAD),GOLDEN NEST(BHAYANDER)
GOLIBAR (KHAR),"KHAR POLICE STATION, SACRED HEART SCHOOL"
GOPAL BHUWAN (GHATKOPAR),GOPAL BHAVAN (GHATKOPAR-W)
GOPAL NAGAR (BHANDUP),GOPAL NAGAR (WORLI)
GOVARDHAN NAGAR (BORIVALI),"MAHAVIR NAGAR EXTENSION (KANDIVLI-W), PARIJAT SOCIETY"
GREEN HILLS (AAREY),ANITA NAGAR
GUNDECHA (POWAI),SHETTY VIDYALAYA (POWAI)
GURU NANAK MARG (JUHU),JUHU HOTEL
GURU NANAK NAGAR (KAMANI),"MUKUND COMPANY, P.W.D.OFFICE (KAMANI)"
GURUDWAR (MALVANI),"MALVANI DEPOT, GAIKWAD NAGAR"
GURUDWAR CHOWK (MULUND),GURUDWAR CHOWK (ANDHERI-E)
GYMKHANA (MARINE LINES),GYMKHANA
H.P.NAGAR (MALAD),H.P. NAGAR (MAHUL)
HANUMAN MANDIR (CHARKOP),PRABODHANKAR THACKERAY NAGAR MARKET (CHARKOP)
HANUMAN MANDIR (GHATKOPAR),HANUMAN MANDIR (BARVE NAGAR)
HANUMAN MANDIR (VAKOLA),VAKOLA POLICE STATION (HANUMAN MANDIR)
HANUMAN MARG (VILE PARLE),"SHRI SWAMI SAMARTH MUTT, HANUMAN ROAD (VILE PARLE-E)"
HANUMAN NAGAR (MULUND),EKTA NAGAR POLICE CHOWKY- BHANDUP-W
HANUMAN ROAD. LION'S CLUB (GUNDAVLI). ISMAIL YUSUF COLLEGE,ISMAIL YUSUF COLLEGE
HAR,"KHAR, 14TH ROAD"
HARI NIWAS (NAPEAN SEA),HARI NIWAS (THANE)
HARI OM NAGAR (MALAD),ANAND NAGAR (KOPRI) POLICE CHOWKY
HARISH ENTERPRISE (BORIVALI),SUBHASH NAGAR
HARIYALI VILLAGE (BORIVALI),KANJUR VILLAGE
HELEN KELLER INSTITUTE (ANDHERI),HELAN KELLAR INSTITUTE (MAHAPE)
HELEN-JOE GARDEN (MULUND),JOE & HELEN D MELLO GARDEN
HIGHLAND GARDEN (OSHIWARA),HIGHLAND GARDEN
HIGHWAY APARTMENTS (BANDRA),HIGHWAY APARTMENT (SION)
HIND RECTIFIERS (MULUND),"HIND RECTIFIER CORPORATION, COLOUR CARTONS"
HINDU COLONY (DADAR),"RAJA SHIVAJI HIGH SCHOOL, HINDU COLONY (DADAR-E)"
HINDUSTAN CHOWK (MALAD),HINDUSTAN CHOWK (MULUND-W)
HINDUSTAN COMPANY (MALAD),CIBA COMPANY
HINDUSTAN PETROLEUM (SEWREE),HINDUSTAN PETROLEUM (REAY ROAD)
HIRANANDANI (KHARGHAR),HIRANANDANI COMPLEX JUNCTION (KHARGHAR)
HIRANANDANI JUNCTION (POWAI),HIRANANDANI COMPLEX JUNCTION (KHARGHAR)
HOLY ANGELS SCHOOL (MALAD),HANUMAN CHOWK (MULUND-E)
HOTEL GRAND HYATT (SANTACRUZ),SANTACRUZ STATION (E)
HUMA TALKIES (KANJURMARG),HUMA CINEMA (KANJURMARG-W)
HUSEN TEKDI (MALAD),GADI ADDA
I.E.S.SCHOOL (BANDRA),"I.E.S SCHOOL, (J.V.L.R)"
I.E.S.VIDYALAYA (MULUND),MITHAGAR (MULUND-E)
I.I.T.MARKET,I.I.T.MARKET (POWAI)
ICICI BANK/SINHGAD COLLEGE (CHANDIVALI),"ICICI BANK  (CHANDIVLI), SINHAGAD COLLEGE"
INCOME TAX OFFICE (BANDRA),RELIANCE ENERGY OFFICE (TILAK NAGAR CHEMBUR)
INDIAN EDUCATION SOCIETY (BANDRA),INDIAN EDUCATION SCHOOL (KANDIVALI-W)
INDIAN OIL DEPOT (CHEMBUR),"INDIAN OIL DEPOT (WADALA-E), BARKAT ALI DARGAH"
INSTITUTE OF DISTANCE EDUCATION (VIDYANAGARI),HEALTH CENTRE (VIDYANAGARI)
IRANI WADI (KANDIVALI),MAHATMA GANDHI SWIMMING POOL (KANDIVALI-W)
JAFRI SCHOOL (GOVANDI),JAFRI ENGLISH SCHOOL
JAGAT SATGURU COLONY (BHANDUP),JAGAT SATGURU INDUSTRIAL ESTATE
JAGRUTI NAGAR (MIDC),JAGRUTI NAGAR (GHATKOPAR-W)
JAI BHIM NAGAR (MIDC),KAPADIA NAGAR
JAIN MANDIR (MULUND),GAWANPADA FIRE BRIGADE (MULUND-E)
JAMMU & KASHMIR BANK (MIRA ROAD),JAMMU & KASHMIR BANK
JAY COACH (ANDHERI),"BALASAHEB THACKERAY TRAUMA CENTRE, S.R.P. CAMP"
JAY COACH / S.R.P.CAMP,"BALASAHEB THACKERAY TRAUMA CENTRE, S.R.P. CAMP"
JHAMAMAL CHOWK (CHEMBUR COLONY),CHEMBUR COLONY
JHAMAMAL CHOWK (CHEMBUR),CHEMBUR COLONY
JIJAMATA BHONSLE MARG (BYCULLA),JIJAMATA BHOSLE MARG JUNCTION (CHEMBUR)
JITENDRA MARG (JUHU),RANI SATI MARG (MALAD-E) MUNICIPAL SCHOOL
JIVAN NAGAR (ANDHERI),"RTO, ANDHERI"
JOGESHWARI ESTATE,JOGESHWARI (W) BUS STATION
JOY ASHISH (BORIVALI),BORIVALI PHATAK (E)
JU CHANDRA SOCIETY (BORIVALI),"KOLSITE INDUSTRIES, JUCHANDRA SOCIETY"
JUBILEE MILLS (SEWREE),SWAN MILLS
JUHU PRABHAT,JUHU PRABHAT (ANDHERI-E)
JUHU TARA,JUHU TARA ROAD
JUHU VILLAGE,JUHU VILLAGE (NAVI MUMBAI)
JUI NAGAR STATION (HERDILLA),JUI NAGAR RAILWAY STATION
JUINAGAR SECTOR 25,"JUI NAGAR, GAONDEVI CHOWK"
JUNGLE MANGAL ROAD (BHANDUP),JUNGAL MANGAL ROAD (BHANDUP-W)
JVLR (POWAI),"DR.AMBEDKAR UDYAN, POWAI"
K.C.COMPANY (BORIVALI),K.C.COMPANY (BHANDUP-W)
K.V.YADAV CHOWK (LOWER PAREL),K.V.YADAV CHOWK
KACH PADA (MALAD),MOVIE TIME CINEMA (MALAD-W)
KACH WADI (DEONAR),KACHWADI
KADAM PADA (DAHISAR),KADAM PADA (MULUND-W)
KAJU PADA (BORIVALI),KAJUPADA (BORIVALI -E)
KAJU PADA (GHATKOPAR),JAMBHULPADA
KAJU PADA (THANE),KAJUPADA (GHODBUNDER ROAD)
KALA MARUTI MANDIR (MALAD),KAALA HANUMAN MANDIR
KALA VIDYALAYA (MALVANI),KALA VIDYALAYA
KALAMBOLI POLICE STATION,KALAMBOLI
KALAMBOLI VILLAGE,KALAMBOLI
KALINA MARKET,KALINA
KALPTARU ESTATE (JOGESHWARI),KALPATARU ESTATE (MAJAS)
KALYAN NAGAR (MAROL),KALYAN NAGAR
KAMAL TOWING (BORIVALI),JIJAMATA NAGAR (MAHUL)
KAMAL VIHAR SPORTS COMPLEX,NETAJI SUBHASHCHANDRA BOSE SPORTS COMPLEX
KAMLISTAN STUDIO (GOREGAON),KAMAL AMROHI STUDIO
KANNAMWAR NAGAR (VIKHROLI),JOGESHWARI VIKHROLI LINK ROAD (KANJURMARG-E)
KAPOLE NIWAS (SANTACRUZ),"JAGATDEV N.VARMA CHOWK, KAPOLE NIWAS"
KASHI MIRA,KASHIMIRA
KENDRIYA VIHAR (KHARGHAR),KENDRIYA VIHAR (SECTOR 12)
KENI VIDYALAYA (ANDHERI),KAMANI
KHAMBEKAR STREET (DONGRI),DONGRI
KHAR POLICE STATION,"KHAR POLICE STATION, SACRED HEART SCHOOL"
KHAR STATION (E),KHAR STATION (W)
KHARIGAON NAKA,KHAREGAON NAKA
KHED GALLI (BELAPUR),"KHEDGALLI, SIDDHIVINAYAK MANDIR (PRABHADEVI)"
KHER WADI JUNCTION,KHERWADI POLICE STATION
KHERWADI NAKA (BANDRA),KHERWADI (BANDRA-E)
KHEWRA CIRCLE (THANE),PAWAR NAGAR (THANE)
KIDWAI ROAD POLICE STATION (WADALA),BEST COLONY (BHOIWADA)
KOPAR KHAIRANE EXTENSION,KOPAR KHAIRANE
KOPARI COLONY (THANE),GAVDEVI MANDIR (THANE)
KOPARI TELEPHONE EXCHANGE (THANE),GAVDEVI MANDIR (THANE)
KRANTI NAGAR (ANDHERI),KANTI NAGAR (ANDHERI-E)
KRISHNA BAUG (ANDHERI),"KRISHNA BAUG, FINE ARTS SOCIETY (CHEMBUR)"
KRISHNA BUILDING (BORIVALI),KRISHNA BUILDING (MALAD-W)
KRISHNA NAGAR (MIDC),KRISHNA NAGAR (SAKI NAKA)
KURAR POLICE STATION,KURAR POLICE CHOWKY
KURLA NAGRIK BANK (KURLA),LAXMANRAO YADAV MARKET (KURLA MARKET)
KURLA POST OFFICE,"SANT ROHIDAS SABHAGURHA, KURLA POST OFFICE"
KURLA TELEPHONE STORES (BKC),CITI BANK (BKC)
L.I.C.OFFICERS TRAINING CENTRE (BORIVALI),LIC OFFICERS TRAINING CENTRE (BORIVALI -W)
LION'S CLUB ( GUNDAVLI ),"GUNDAVALI, LION S CLUB"
LION'S PARK (KURLA),"RAJMATA AHILYABAI HOLKAR UDYAN, KURLA LION S PARK"
LOCAL SELF GOVT OFFICE (BANDRA),G.S COLONY (BANDRA-E)
LOK PURAM (THANE),MAHARASHTRA NAGAR (THANE)
LOKHANDWALA COMPLEX (KHAR),R.N.A. COMPLEX
LOKMAT OFFICE (MHAPE),MAHAPE NAKA
LOUIS WADI (THANE),LOUISWADI
LUCKY HOTEL (BANDRA),LUCKY HOTEL (KHAIRANI MARG)
M.GANDHI SWIMMING POOL (KANDIVALI),MAHATMA GANDHI SWIMMING POOL (KANDIVALI-W)
M.GANDHI VIDYA MANDIR (BANDRA),KHERWADI (BANDRA-E)
M.H.B.COLONY (GORAI),M.H.B.COLONY (BORIVALI -W)
M.P.CHOWK MULUND / MULUND (W) CHECK NAKA BUS STATION / R Mall,"MAHARANA PRATAP CHOWK (MULUND-W), R MALL"
M.P.CHOWK MULUND / MULUND (W) CHECK NAKA BUS STATION / R all,BALBHARATI (KANDIVALI-W)
MACHHALIMAR (VERSOVA),MACHHALIMAR (VESAVA)
MADHANI CIRCLE (THANE),MADHANI CIRCLE
MADINA MANZIL,MADINA MANZIL (MALAD-W)
MAGATHANE TEL EXCHANGE,MAGATHANE TELEPHONE EXCHANGE
MAHAMAYA MANDIR (BORIVALI),BAIL BAZAR
MAHARASHTRA BANK (OSHIWARA),BANK OF MAHARASHTRA (ANDHERI-W)
MAHARASHTRA KATA (ASALPHA),MAHARASHTRA KATA (SAKI NAKA)
MAHARASHTRA KATA (MAROL),LOKMANYA TILAK NAGAR (ASALPHA)
MAHARASHTRA NAGAR (SHIVAJI NAGAR),MAHARASHTRA NAGAR (MANKHURD)
MAHARASHTRA STATE CO-OP BANK (VASHI),MAHARASHTRA STATE CO-OPERATIVE BANK
MAHAVIR DHAM (POISAR),MAHAVIR NAGAR -EXTENSION (KANDIVLI-W)
MAHAVIR NAGAR (KANDIVALI),MAHAVIR NAGAR (KANDIVLI-W)
MAHESHWARI DHAM (BORIVALI),SHANKESHWAR BUILDING
MAHESHWARI NAGAR (MIDC),"E.S.I.S HOSPITAL, MIDC POLICE STATION"
MAHESHWARI UDYAN,MAHESHWARI UDYAN (KINGS CIRCLE)
MAHINDRA COMPANY (BHAD COLONY),MAHINDRA COMPANY GATE (B.H.A.D. COLONY)
MALAD STATION (E),MALAD STATION (W)
MALAD STATION ROAD,MALAD STATION (W)
MALVANI BLOCK NO.5,"MALVANI BLOCK NO.5, POLICE STATION"
MALVANI CHURCH,"MALVANI VILLAGE, MALVANI CHURCH"
MAN PADA (MULUND),MANPADA
MANASI PARADISE (BORIVALI),LIC OFFICERS TRAINING CENTRE (BORIVALI -W)
MANDALA (ANUSHAKTI NAGAR),MANDALA
MANKHURD STATION ROAD,MANKHURD STATION (SOUTH)
MANKHURD STATION ROAD (S),MANKHURD STATION (SOUTH)
MARATHI VIDNYAN PARISHAD (VIKHROLI),MARATHI VIDNYAN PARISHAD (CHUNABHATTI)
MAROL NAKA,"MAROL NAKA, MATA RAMABAI AMBEDKAR CHOWK"
MARVALI CHURCH (POWAI),MARAWALI CHURCH
MATHURADAS COLONY (KALINA),KALINA
MATOSHRI RAMABAI THACKERAY UDYAN (SEWREE),SHREE RAM MILL
MATUNGA POLICE STATION,MATUNGA POLICE STATION (KINGS CIRCLE STATION)
MAYUR CINEMA (KANDIVALI),MAHATMA GANDHI SWIMMING POOL (KANDIVALI-W)
MCA COMPLEX (BKC),LAXMI TOWER (BKC)
MEENATAI THAKRE MAIDAN / ANACIN COMPANY,MEENATAI THACKERAY MAIDAN (ANACIN COMPANY)
MEGA MART (VASHI),MEGA MART
MGM HOSPITAL (KALAMBOLI),KALAMBOLI
MIDC / PASSPORT OFFICE (ANDHERI),"M.I.D.C, PASSPORT OFFICE"
MILIND NAGAR (MIDC),MILIND NAGAR (POWAI)
MINI LAND (MALAD),MINILAND SOCIETY (BHANDUP-W)
MITH CHOWKY MALAD,"AMBEWADI, MITH CHOWKY (MALAD-W)"
MODEL TOWN (ANDHERI),HOLY SPIRIT HOSPITAL (ANDHERI-E)
MODEL TOWN (MAJAS),MODEL TOWN (JOGESHWARI-E)
MOHITE PATIL NAGAR (MIDC),MOHITE PATIL NAGAR (MANKHURD)
MONGINIS CAKE (ANDHERI),MONGINIS (ANDHERI-W)
MOTI CINEMA (GIRGAON),ALANKAR CINEMA
MOTI MAHAL (ANDHERI),MOTI MAHAL (BANDRA-W)
MOTILAL NAGAR (GOREGAON),NEW SIDDHARTH NAGAR (GOREGAON-W)
MOVIE STAR CINEMA (GOREGAON),MOVIE STAR TALKIES (GOREGAON-W)
MOVIE TIME (MALAD),MOVIE TIME CINEMA (MALAD-W)
MPSC/UPSC TRAINING CENTRE (BANDRA),G.S COLONY (BANDRA-E)
MT.POINSUR CHURCH (BORIVALI),MOUNT POINSUR CHURCH
MUKESH CHOWK (NAPEAN SEA),MUKESH CHOWK (KEMPS CORNER)
MUKTAI NAGAR (THANE),SIDDHIVINAYAK TOWER (THANE)
MUKUND COMPANY (KURLA),NITIN COMPANY JUNCTION
MULUND CHECK NAKA (E),MAHARANA PRATAP CHOWK (MULUND CHECK NAKA-W)
MULUND GARDEN,MULUND (W) MCGM GARDEN
MUNICIPAL COLONY (WORLI),"DR.RAVINDRA KULKARNI CHOWK, SASMIRA (WORLI)"
MUNICIPAL GARDEN (SHIMPOLI),MHADA COLONY (SHIMPAVALI)
MUNICIPAL HOSPITAL (DAHISAR),DAHISAR STN (E)
MUNICIPAL HOSPITAL (VIKHROLI),VIKHROLI DEPOT
MUNICIPAL PUMPING CENTRE (SHIMPOLI),YASHKRIPA BUILDING
MUNICIPAL SCHOOL (CHEMBUR),SARVODAY MAHABUDDHA VIHAR (TILAK NAGAR CHEMBUR)
MUNICIPAL SCHOOL (MALAD),SARVODAYA BALIKA VIDYALAYA (MALAD-W)
MUSLIM CEMETERY (KHAR),"KHAR POLICE STATION, SACRED HEART SCHOOL"
N.L.COMPLEX (DAHISAR),N.L.COMPLEX JUNCTION (DAHISAR-E)
N.S.C.COMPOUND (BORIVALI),N.S.C COMPOUND (GOREGAON-E)
NAGAR,CHIRAG NAGAR
NAGARI NIWARA (GOREGAON),MUNICIPAL COLONY SECTOR -B (GOREGAON-E)
NAGARI NIWARA VIDYALAYA (GOREGAON),NAGRI NIWARA VIDYALAYA
NAHUR VILLAGE / MHADA COLONY,"NAHUR VILLAGE, MEHUL CINEMA"
NANA NANI PARK (ANDHERI),NANA-NANI PARK (VERSOVA)
NANSEY COLONY,NENSEY COLONY
NAVA GAON (MULUND),NAVA GAON (DAHISAR-W)
NAVARANG HOTEL (KHARGHAR),NAVRANG HOTEL
NAVGHAR ROAD,NAVGHAR ROAD (MULUND-E)
NAVJIVAN VIDYAMANDIR (BHANDUP),NAVJEEVAN VIDYAMANDIR (BHANDUP-W)
NAVRANG TALKIES,NAVRANG TALKIES (ANDHERI-W)
NETAJI SUBHASHCHANDRA BOSE KRIDANGAN (DAHISAR),NETAJI SUBHASHCHANDRA BOSE SPORTS COMPLEX
NIRMAL APARTMENT (BORIVALI),VAISHALI BHAVAN (KANDIVALI-W)
NOOR BAUG (DONGRI),NOORBAUG
NOVELTY SILK (MULUND),NOVELTY SILK MILL (DAHISAR-E)
OLD KHAR KHAR STATION (W),OLD KHAR
OM BUILDING (BORIVALI),"VENUS BUILDING, WATUMAL ENGG.COLLEGE"
OMKARESHWAR TEMPLE,OMKARESHWAR MANDIR
ORDINANCE DEPOT (REAY ROAD),"ORDNANCE DEPOT, REAY ROAD (E)"
ORLEM CHURCH (MALAD),"ORLEM CHURCH, VALNAI VILLAGE"
ORLEM POST OFFICE,"ORLEM POST OFFICE, S.N.D.T.COLLEGE"
OUR LADY OF SALVATION (DADAR),DADAR POLICE STATION
OVALE VILLAGE (THANE),OVALE
P.L.LOKHANDE MARG,VAKOLA POLICE STATION (HANUMAN MANDIR)
P.L.LOKHANDE MARG (CHEMBUR),"KRISHNA BAUG, FINE ARTS SOCIETY (CHEMBUR)"
P.M.G.P.COLONY (JOGESHWARI),P.M.G.P COLONY (MAJAS)
P.THAKRE NAGAR BUS STATION,PRABODHANKAR THACKERAY NAGAR MARKET (CHARKOP)
P.THAKRE NAGAR MARKET,PRABODHANKAR THACKERAY NAGAR MARKET (CHARKOP)
P.THAKRE NAGAR SECTOR-2,PRABODHANKAR THACKERAY NAGAR MARKET (CHARKOP)
P.THAKRE NAGAR SECTOR-5,PRABODHANKAR THACKERAY NAGAR MARKET (CHARKOP)
PALI HILL / GURU NANAK MARG (BANDRA),PALI HILL NAKA (GURU NANAK ROAD)
PANCHAVATI (GHANSOLI),PANCHAVATI
PANCHSHEEL APARTMENT (BORIVALI),PUNCHASHEEL APARTMENTS
PANCHSHEEL GARDEN (MAHIM),PUNCHASHEEL APARTMENTS
PARIJAT (BANDRA),PARIJAT
PARK STREET (ANDHERI),SARDAR PATEL NAGAR (PARK STREET)
PARLE TILAK SCHOOL (VILE PARLE),PARLE TILAK VIDYALAYA
PARSHI WADA (ANDHERI),PARSIWADA (CHAKALA)
PARSHWANATH NAGAR (BORIVALI),"SARVODAYA, PARSHWANATH NAGAR (MULUND-W)"
PARSI COLONY (WADALA),WADALA CHURCH
PARSI WADA (ANDHERI),PARSIWADA (CHAKALA)
PATIDAR COLONY (BORIVALI),NENSEY COLONY
PATTHAR NAGAR (BANDRA),PATTHAR NAGAR
PESTAM SAGAR (GHATKOPAR),"PESTOM SAGAR, GLASS FACTORY"
PETROL PUMP / MAHESHWARI MANSION,"PETROL PUMP, MAHESHWARI MANSION (NAPEAN SEA ROAD)"
PICNIC COTTAGE (AAREY),PICNIC COTTAGE (VERSOVA)
POLICE COLONY (KALINA),VIDYA NAGARI (KALINA) NEHRU LIBRARY
POLICE SUPDT. OFFICE (BORIVALI),ADDITIONAL C.P.OFFICE (BANDRA-W)
POLICHEM / PEPSICO (MULUND),"POLICHEM LIMITED, PEPSICO"
POLYCHEM LTD (BORIVALI),"POLICHEM LIMITED, PEPSICO"
POONAM NAGAR (MALAD),POONAM NAGAR (MAJAS)
POST OFFICE (CHEMBUR),"CHEMBUR NAKA, SWAMI VIVEKANAND CHOWK"
POWAI GARDEN,FOREST CLUB (POWAI)
POWAI GARDENS,"DR.AMBEDKAR UDYAN, POWAI"
PRAKASH COTTON (MULUND),PARSI COLONY (JUHU)
PRAKASH STUDIO,"VISHAL HALL, PRAKASH STUDIO"
PRAKASH STUDIO (ANDHERI),NATRAJ STUDIO
PRATAP NAGAR (MAJAS),PRATAP NAGAR (JOGESHWARI-E)
PRAVASI INDUSTRIAL COLONY (GOREGAON),PRAVASI INDUSTRIAL ESTATE
PREM NAGAR (THANE),ANAND NAGAR (KOPRI) POLICE CHOWKY
PREMIER COMPANY (BORIVALI),KAMANI
PRINCESS STREET (MARINE LINES),PRINCESS STREET (KALBADEVI)
PRIYADARSHANI (CHUNA BHATTI),PRIYADARSHINI (CHUNABHATTI)
PUNCH KUTIR (POWAI),"PUNCHKUTIR, GANESH MANDIR (POWAI)"
PUNJAB WADI (SION),PUNJAB WADI (DEONAR)
PUSHP HERITAGE (BORIVALI),PUSHPA HERITAGE (KANDIVALI-W)
R.B.I. (BKC),RESERVE BANK OF INDIA (BKC)
R.B.I.COLONY (BHANDUP VILLAGE-E),NEHRU NAGAR (KURLA-E)
R.B.I.COLONY (DINDOSHI),STATE BANK COLONY (MALAD-E)
R.C.F.COLONY (BHANDUP VILLAGE-E),NEHRU NAGAR (KURLA-E)
R.S.P.MUKHERJI GARDEN (BORIVALI),BORIVALI (E) STATION
R.T.O. (ANDHERI),"R.T.O. (ANDHERI-W), NEW VIKAS HOUSING SOCIETY"
R.T.O.OFFICE (GHATKOPAR),R.T.O.(GHATKOPAR-E)
R.T.O.OFFICE (WORLI),"DR.RAVINDRA KULKARNI CHOWK, SASMIRA (WORLI)"
RABALE VILLAGE,RABALE POLICE STATION
RAILWAY COLONY (KANDIVALI),KANDIVALI STATION (W)
RAILWAY QUARTERS (KHAR),OLD KHAR
RAJ KAPOOR CHOWK (BANDRA),RAJ KAPOOR CHOWK (ANUSHAKTI NAGAR)
RAJAN PADA (MALAD),MALAD DEPOT
RAM ASHRAM (KANDIVALI),RAMASHRAM (POWAI)
RAM BAUG / SHASTRI NAGAR (KANDIVALI),SHASTRI NAGAR (BORIVALI -W)
RAM BHAVAN (GHATKOPAR),RAM BHAVAN
RAM NAGAR (SHIMPOLI),PRABODHANKAR THACKERAY NAGAR MARKET (CHARKOP)
RAM SHAVAN (GHATKOPAR),RAM BHAVAN
RAM WADI (JOGESHWARI),RAMWADI (JOGESHWARI-E)
RAMABAI NAGAR (MIDC),PANT NAGAR
RAMGAD (KANDIVALI),GAUTAM NAGAR (KANDIVALI-E)
RATAN NAGAR (BORIVALI),BORIVALI PHATAK (E)
RATHOD MARG (DOCKYARD),B.P.T COLONY (DOCKYARD RD)
RATODI (MADH),RATHODI
RELIANCE ENERGY (AAREY),"SEEPZ VILLAGE, RELIANCE ENERGY TRAINING CENTRE"
RELIANCE ENERGY (CHEMBUR),RELIANCE ENERGY OFFICE (TILAK NAGAR CHEMBUR)
RELIANCE ENERGY TRAINING CENTRE (VERSOVA),"SEEPZ VILLAGE, RELIANCE ENERGY TRAINING CENTRE"
RESERVOIR (AAREY),ADARSH NAGAR NAKA (AAREY COLONY)
RETREAT HOTEL (AKSA),RETREAT HOTEL (MADH)
REYAN SCHOOL (MALAD),RYAN INTERNATIONAL SCHOOL(GOREGAON-E)
ROCK AVENUE (ANDHERI),RENUKA NAGAR
RTO OFFICE (THANE),R.T.O. (THANE)
S.G.BARVE MARG JUNCTION / KURLA,S.G.BARVE MARG NAKA (KURLA-E)
S.N.D.T.COLLEGE (JUHU),JUHU KOLIWADA
S.U.PUMP (MULUND),SU PUMPS (MULUND-WEST)
S.V.P.UDYAN (BORIVALI),"MITH CHOWKY, KAVI.V.R.KANT CHOWK"
S.V.P.VIDYALAYA (KANDIVALI),BALBHARATI (KANDIVALI-W)
SADHANA CASTINGS (BHANDUP),"GAONDEVI NAKA (BHANDUP-W), MADHUKUN BUILDING"
SAHAR AIR INDIA HOTEL,CHHATRAPATI SHIVAJI INTERNATIONAL AIRPORT (SAHAR)
SAHARA (ANDHERI),SAHARA (GOREGAON-W)
SAI AMRUT (MALAD),SAI AMRUT SOCIETY (DAHISAR-W)
SAI CHITRA SOCIETY (CHARKOP),PRABODHANKAR THACKERAY NAGAR MARKET (CHARKOP)
SAI DHAM (MULUND),SAIDHAM (MULUND-W)
SAI SHRADHA SHOPPING CENTRE (MALVANI),SAI SHRADDHA SHOPPING COMPLEX (MALVANI)
SAIBABA MANDIR (CHARKOP),PRABODHANKAR THACKERAY NAGAR MARKET (CHARKOP)
SAIBABA MANDIR / KOKAN BANK (SHIVAJI NAGAR),SHIVAJI NAGAR BUS STATION
SAIBABA NAGAR (GOLIBAR),OLD KHAR
SAIBABA NAGAR (KANDIVALI),PRABODHANKAR THACKERAY NAGAR MARKET (CHARKOP)
SAINATH NAGAR (ANDHERI),SAINATH NAGAR (MIDC -MAROL)
SAKI NAKA,MARWAH ROAD JUNCTION (SAKI VIHAR ROAD)
SAMAJ MANDIR HALL (PRATIKSHA NAGAR),"SAMAJ MANDIR HALL (SION KOLIWADA), PRATIKSHA NAGAR NO.1"
SAMANA PARIVAR,SAMANA PARIWAR (MALAD-E)
SAMARTH NAGAR PUMPING STATION,SHREE SWAMI SAMARTH NAGAR MARKET
SAMATA NAGAR (KOPAR KHAIRANE),"SAMATA NAGAR, BONKODE"
SANDESH HOTEL (KHARGHAR),SAMRAT HOTEL (MATUNGA-E)
SANPADA TELEPHONE EXCHANGE,SANPADA TELEPHONE EXCHANGE (SANT NIRANKARI BHAVAN)
SANT SAVTA MARKET (BYCULLA),BYCULLA STATION (E)
SANTOSHI MATA MANDIR (BORIVALI),JAI MAHAKALI MANDIR
SAPTARANG SOCIETY (BORIVALI),KALINA
SARASWAT BANK (KANDIVALI),KAMRAJ NAGAR (KANDIVALI-W)
SARDAR NAGAR NO.1,SARDAR NAGAR NO.4 (GTB NAGAR)
SARDAR NAGAR NO.2,SARDAR NAGAR NO.4 (GTB NAGAR)
SARDAR NAGAR NO.4,SARDAR NAGAR NO.4 (GTB NAGAR)
SARVODAYA HOSPITAL,SARVODAYA HOSPITAL (GHATKOPAR-W)
SARVODAYA MAHABUDDHA VIHAR (KURLA),SARVODAY MAHABUDDHA VIHAR (TILAK NAGAR CHEMBUR)
SARVODAYA NIKETAN (KALINA),SHEETAL TALAO
SATHE COLLEGE (VILE PARLE),SATHAYE COLLEGE (VILE PARLE-E)
SAURASHTRA BANK (BORIVALI),"SAURASHTRA BANK, STATE BANK (VASHI)"
SAVE NAGAR (MIDC),"SAVE NAGAR, GAONDEVI MANDIR (DAHISAR-E)"
SBPT COLLEGE (BORIVALI),DR.COOPER HOSPITAL
SECTOR NO.26 (VASHI),VASHI SECTOR 19
SECTOR NO.9 / JUHU NAGAR MARKET (VASHI),"VASHI SECTOR 9,16, JUHU NAGAR MARKET"
SESSION COURT (GOREGAON),DINDOSHI SESSION COURT
SHAHU NAGAR (MAHIM),MAHIM PHATAK
SHAILESH NAGAR (MULUND),USHMA NAGAR
SHAMRAO VITTHAL BANK (VASHI),"SSC BOARD OFFICE, ST.LAWRENCE SCHOOL (VASHI)"
SHANKAR MANDIR (JOGESHWARI),SHANKAR MANDIR (MAHUL)
SHANKAR WADI (JOGESHWARI),SHANKARWADI (JOGESHWARI-E)
SHANKESHWAR BUILDING (GHATKOPAR),SHANKESHWAR BUILDING
SHANTI BAUG (ANDHERI),"KRISHNA BAUG, FINE ARTS SOCIETY (CHEMBUR)"
SHANTI NAGAR (KURLA),SHANTI NAGAR
SHANTI NAGAR (MAROL),SHANTI NAGAR (ANDHERI-E)
SHASTRI NAGAR (LINK ROAD) (GOREGAON),SHASTRI NAGAR (GOREGAON-W)
SHASTRI NAGAR (SANTACRUZ),"SANTACRUZ STATION (W) ROAD, KASHIBAI HOSPITAL"
SHEETAL GARDEN (MIRA ROAD),SHITAL GARDEN (MIRA ROAD)
SHELL COLONY (CHEMBUR),"SHELL COLONY, SAMAJ MANDIR HALL (CHEMBUR)"
SHERLEY GAOTHAN (ANDHERI),SHERLEY VILLAGE
SHILP CHOWK (KHARGHAR),SHILP CHOWK
SHIMPOLI NAKA,SHIMPAVALI NAKA
SHIMPOLI TELEPHONE EXCHANGE,SHIMPAVALI TELEPHONE EXCHANGE
SHIMPOLI VILLAGE,SHIMPAVALI VILLAGE
SHIV BHAVANI (BORIVALI),SHAKTI NAGAR
SHIV CENTRE (MIRA ROAD),ONION POTATO MARKET (VASHI)
SHIV SHRUSHTI (KURLA),SHIVSHRUSHTI (KURLA-E)
SHIVAJI MAIDAN (DADAR),MEENATAI THACKERAY MAIDAN (ANACIN COMPANY)
SHIVAJI NAGAR (DAHISAR),HARIDAS NAGAR
SHIVAJI NAGAR (SANTACRUZ),SHANTI NAGAR (KALINA)
SHIVAJI NAGAR MUNICIPAL HOSPITAL (GOVANDI),DR.COOPER HOSPITAL
SHREE SAIBABA COMPLEX (BORIVALI),SHREE SAIBABA COMPLEX (GOREGAON-E)
SHREEJI AVENUE (MIRA ROAD),NAVGHAR ROAD (MULUND-E)
SHRI KRISHNA NAGAR (BORIVALI)/SHANTIVAN,"SHREEKRISHNA NAGAR, SHANTIVAN (BORIVALI -E)"
SHRI SIDDHISAI MANDIR (BORIVALI),DATTA MANDIR
SHYAM NAGAR (MIDC),SHYAM NAGAR (MAJAS)
SIDDHESHWAR / GHARONDA (GHANSOLI),GHANSOLI VILLAGE
SIKKA NAGAR (GIRGAON),"SIKKA NAGAR, GANPATI MANDIR"
SILVER PARK,SILVER PARK (MIRA ROAD)
SINDHI COLONY (MULUND),SINDHI COLONY (JOGESHWARI-W)
SIR ALI YAVAR JUNG INSTITUTE (BANDRA),SIR ALIYAWAR JUNG INSTITUTE(BANDRA-W)
SOMAIYA COLLEGE (VIDYAVIHAR),SOMMAIYA COLLEGE (VIDYAVIHAR-E)
SONA HOSPITAL (BORIVALI),KALINA
SONA INDUSTRIES (ANDHERI),"PARSI PANCHAYAT(ANDHERI-E),  DHOBI GHAT"
SOUTH-NORTH MARG NO.9 (VASHI),SOUTH-NORTH MARG NO.9 (VILE PARLE-W)
ST.CHARLES SCHOOL (SANTACRUZ),SANTACRUZ STATION (E)
ST.LAWRENCE HIGH SCHOOL (BORIVALI),KALPANA CHAWLA CHOWK (BORIVALI -W)
ST.PIUS SCHOOL (KALINA),KALINA
STANDARD CHARTERED BANK (BANDRA),AMAR MAHAL
STATE BANK (MALAD),RAMESH HOTEL(MALAD-E)
STATE BANK COLONY (DINDOSHI),STATE BANK COLONY (MALAD-E)
SUBHAM PALACE (MIRA ROAD),KOPAR KHAIRANE
SUBHASH MARG (VILE PARLE),"SHRI SWAMI SAMARTH MUTT, HANUMAN ROAD (VILE PARLE-E)"
SUBHASH NAGAR GHATKOPAR,SHIVPREMI NAGAR
SUBHASH TOWER (THANE),SUBHASH TOWER
SUHASINI PAWASKAR MARG (MIDC),SUHASINI PAWASKAR MARG (DAHISAR-E)
SUKUR PARK (DAHISAR),"SUKUR PARK, SAHYADRI SOCIETY"
SUMAN APARTMENT (BORIVALI),USHMA NAGAR
SUMAN NAGAR (CHEMBUR),EVERARD NAGAR
SUMER HOUSE (NAPEAN SEA),"SUMER HOUSE, SURAJ DIAMOND"
SUNDER GALLI (MULUND),SUNDAR GALLI (BYCULLA-W)
SUPERNOVA INDUSTRIAL ESTATE (MIDC),"KANDIVALI INDUSTRIAL ESTATE, GANESH NAGAR"
SWAMI NARAYAN MANDIR (BORIVALI),BORIVALI PHATAK (E)
SWAMI VIVEKANAND VIDYALAYA (KURLA),SWAMI VIVEKANAND VIDYALAYA (BORIVALI -W)
T.SAHAR (ANDHERI),CHHATRAPATI SHIVAJI INTERNATIONAL AIRPORT (SAHAR)
TAGORE NAGAR JUNCTION (VIKHROLI),KANNAMWAR NAGAR NO.1
TAGORE NAGAR NO.3,TAGORE NAGAR NO.3 (VIKHROLI-E)
TAGORE NAGAR NO.5,TAGORE NAGAR NO.5 (VIKHROLI-E)
TAGORE NAGAR POST OFFICE,TAGORE NAGAR POST OFFICE (VIKHROLI-E)
TAPESHWAR MANDIR (BORIVALI),MAHANANDA DAIRY
TATA MOTORS (THANE),TATA MOTORS
TATA OIL MILL (SEWREE),"TATA OIL MILL, HINDUSTAN LEVER LIMITED"
TATA POWER CENTRE (MAROL),ASHOK NAGAR (MAROL MAROSHI)
TATA PRESS (ANDHERI),TATA PRESS (NERUL)
TECHNO ICB (MALAD),TECHNIMONT I.C.B.HOUSE
TEEN BAKDA,TEEN BAKDA (WALKESHWAR)
TEEN BATTI,TEEN BATTI  (WALKESHWAR)
TEMBI PADA (BHANDUP),"TEMBIPADA PIPE LINE, POLICE STATION (BHANDUP)"
TERMINAL BUILDING (SAHAR),KALINA
TERNA ENG.COLLEGE (NERUL),TERNA ENGINEERING COLLEGE (NERUL)
THAKUR COMPLEX POLICE STATION,THAKUR COMPLEX (KANDIVALI-E)
THAKUR VILLAGE,E.S.I.S HOSPITAL (THAKUR VILLAGE)
THAKURDWAR,THAKURDWAR (GIRGAON)
THANAWALA LANE (VILE PARLE),"VILE PARLE STATION (E), DINANATH NATYAGRUH"
THANE MUNICIPAL COMMISSIONER HOUSE,SWASTIK PARK (THANE)
THATHIA BHATIA SEVA FUND (BORIVALI),VAISHALI BHAVAN (KANDIVALI-W)
TILAK NAGAR (KURLA),"RAJMATA AHILYABAI HOLKAR UDYAN, KURLA LION S PARK"
TOWNSHIP MUNICIPAL SCHOOL MALAD,TOWNSHIP MUNICIPAL SCHOOL (MALVANI)
UDAYA SHREE MARG (MULUND),SUNDAR BAUG (KAMANI)
UMAN NAGAR (MIDC),"LOKSHAHIR SATHE UDYAN, SUMAN NAGAR"
UMER KHADI (DAHISAR),UMARKHADI
UNIT NO.32,AAREY UNIT NO.32
UNITY HOUSE (BORIVALI),LIC OFFICERS TRAINING CENTRE (BORIVALI -W)
URBAN BANK (BORIVALI),URBAN CO-OPERATIVE BANK (MULUND-W)
VAISHALI BHAVAN (DAHISAR),VAISHALI BHAVAN (KANDIVALI-W)
VAKOLA VILLAGE,VAKOLA POLICE STATION
VANDANA TALKIES (THANE),VANDANA CINEMA
VASANT VIHAR TELEPHONE EXCHANGE (THANE),VASANT VIHAR
VASARI TEKADI (MIDC),"DHOLEDEV MANDIR, VASARI TEKDI NO.2"
VASTU ANAND (THANE),VASTU ANAND
VEER KOTWAL UDYAN / DADAR STATION / PLAZA,KHODADAD CIRCLE (DADAR TT)
VEER KOTWAL UDYAN / DADR STATION / PLAZA,DADAR STATION (E)
VEER SAVARKAR CHOWK (NERUL),GAVDEVI CHOWK (SARSOLE)
VERSOVA LINK ROAD,VESAVA LINK ROAD
VIDYA MANDIR (ANDHERI),"SAVE NAGAR, GAONDEVI MANDIR (DAHISAR-E)"
VIDYABEN GARDI SCHOOL (MULUND),"VIDYABEN GARDI SCHOOL, KESHAVPADA"
VIJAY VALLABH CHOWK / PYDHUNIJOHAR CHOWK,JOHAR CHOWK (BHENDI BAZAAR)
VIKAS NAGAR (BORIVALI),AGHADI NAGAR
VITAVA (KALAMBOLI),MAKHAMALI TALAO
VITHAL BHAI PATEL ROAD (SANTACRUZ),KHAR STATION (W) ROAD
VITTHAL MANDIR (MALAD),VITTHAL MANDIR (KANDIVALI-W)
VITTHAL RAKHMAI MANDIR (BORIVALI),VITTHAL RAKHUMAI MANDIR (DAHISAR-E)
VIVEKANAND SCHOOL (SANPADA),VIVEKANAND SCHOOL (JUI NAGAR)
VOICE ROY PARK (BORIVALI),VICEROY PARK
VOLTAS (THANE),VOLTAS
WADAR PADA (MULUND),KALIDAS NATYAGRUH (MULUND-W)
WADAVLI VILLAGE (MULUND),"VADAVALI VILLAGE, BORLA SOCIETY"
WAGH BILL (BHANDUP),WAGHBIL
WALJI LADHA MARG (MULUND),KALIDAS NATYAGRUH (MULUND-W)
WAMANRAO MURANJAN VIDYALAYA (MULUND),HANUMAN CHOWK (MULUND-E)
WASI NAKA (CHEMBUR),VASHI NAKA (CHEMBUR)
Y.B.CHAVAN PRATISHTAN,YASHWANTRAO CHAVAN PRATISHTHAN (MANTRALAYA)
YADAV NAGAR (MIDC),"MAHARASHTRA NAGAR (KANDIVALI-W), YADAV NAGAR"
YERALA MEDICAL COLLEGE (KHARGHAR),CANARA BANK (KHARGHAR)
YOGI HOTEL (MULUND),YOGI HOTEL (BORIVALI -W)
ZULELAL CHOWK (GHATKOPAR),"SHIVNER CHOWK, GANESH MANDIR (GHATKOPAR-E)"
ZULELAL CHOWK (OSHIWARA),ZULELAL CHOWK
